Correlation,Top Strategy,Correlated Strategy,Correlation Z,Standardized Correlation Z,Standardized Non Correlation Z Score,Final_Z_Score,Sortino Ratio,Top Strategy Final_Z_Score
0.619012811943456,"NIFTY_candle_5T_short_0_long_500_entry_14,30_exit_15,00_premium_1st_week_short_sl_2_short_pt_0,1_lots_1_exit_full_Monday.csv","NIFTY_candle_5T_short_0_long_500_entry_14,30_exit_15,00_premium_1st_week_short_sl_3_short_pt_0,2_lots_1_exit_full_Monday.csv",0.2563585410735375,0.384738787708536,0.615261212291464,2.643351609994976,2.835937562083939,2.671414017094367
0.6641368167296494,"NIFTY_candle_5T_short_0_long_500_entry_14,30_exit_15,00_premium_1st_week_short_sl_2_short_pt_0,1_lots_1_exit_full_Monday.csv","NIFTY_candle_5T_short_0_long_500_entry_14,30_exit_15,00_premium_1st_week_short_sl_3_short_pt_0,1_lots_1_exit_full_Monday.csv",0.598493267122931,0.46085032926577224,0.5391496707342278,2.5738475441235944,3.032422517334322,2.671414017094367
0.5740971393858404,"NIFTY_candle_5T_short_0_long_500_entry_14,30_exit_15,00_premium_1st_week_short_sl_2_short_pt_0,1_lots_1_exit_full_Monday.csv","NIFTY_candle_5T_short_0_long_500_entry_14,30_exit_15,00_premium_1st_week_short_sl_3_short_pt_0,3_lots_1_exit_full_Monday.csv",-0.08419658914234274,0.3089786441964917,0.6910213558035083,2.382786343901511,2.188976439786364,2.671414017094367
0.6120606241406817,"NIFTY_candle_5T_short_0_long_500_entry_14,30_exit_15,00_premium_1st_week_short_sl_2_short_pt_0,1_lots_1_exit_full_Monday.csv","NIFTY_candle_5T_short_0_long_0,33_entry_14,30_exit_15,00_premium_1st_week_short_sl_3_short_pt_0,2_lots_1_exit_full_Monday.csv",0.20364635649204188,0.37301239654773927,0.6269876034522608,2.076731991639599,1.7999464152535274,2.671414017094367
0.6586242273467796,"NIFTY_candle_5T_short_0_long_500_entry_14,30_exit_15,00_premium_1st_week_short_sl_2_short_pt_0,1_lots_1_exit_full_Monday.csv","NIFTY_candle_5T_short_0_long_0,33_entry_14,30_exit_15,00_premium_1st_week_short_sl_3_short_pt_0,1_lots_1_exit_full_Monday.csv",0.5566962620196068,0.4515521369202505,0.5484478630797496,2.0310841772238653,1.9692035239335817,2.671414017094367
0.5833405062410375,"NIFTY_candle_5T_short_0_long_500_entry_14,30_exit_15,00_premium_1st_week_short_sl_2_short_pt_0,1_lots_1_exit_full_Monday.csv","NIFTY_candle_5T_short_0_long_500_entry_14,30_exit_15,00_premium_1st_week_short_sl_3_short_pt_0,2_lots_4_exit_3_4th_Monday.csv",-0.014112455392216625,0.3245696118834594,0.6754303881165407,2.002127220759266,1.231522620079092,2.671414017094367
0.6118810350641447,"NIFTY_candle_5T_short_0_long_500_entry_14,30_exit_15,00_premium_1st_week_short_sl_2_short_pt_0,1_lots_1_exit_full_Monday.csv","NIFTY_candle_5T_short_0_long_0,5_entry_14,30_exit_15,00_premium_1st_week_short_sl_3_short_pt_0,2_lots_1_exit_full_Monday.csv",0.20228469411757857,0.3727094801393478,0.6272905198606522,1.876099555748305,1.590365825128103,2.671414017094367
0.5945759472039007,"NIFTY_candle_5T_short_0_long_500_entry_14,30_exit_15,00_premium_1st_week_short_sl_2_short_pt_0,1_lots_1_exit_full_Monday.csv","NIFTY_candle_5T_short_0_long_0,33_entry_14,30_exit_15,00_premium_1st_week_short_sl_3_short_pt_0,2_lots_4_exit_3_4th_Monday.csv",0.07107578386285728,0.3435206499353942,0.6564793500646058,1.8711590938565423,1.0621518142073056,2.671414017094367
0.5637558068477351,"NIFTY_candle_5T_short_0_long_500_entry_14,30_exit_15,00_premium_1st_week_short_sl_2_short_pt_0,1_lots_1_exit_full_Monday.csv","NIFTY_candle_5T_short_0_long_0,33_entry_14,30_exit_15,00_premium_1st_week_short_sl_3_short_pt_0,3_lots_1_exit_full_Monday.csv",-0.16260560872459637,0.2915357163145225,0.7084642836854775,1.86280713791587,1.3247840261464838,2.671414017094367
0.6255128826503809,"NIFTY_candle_5T_short_0_long_500_entry_14,30_exit_15,00_premium_1st_week_short_sl_2_short_pt_0,1_lots_1_exit_full_Monday.csv","NIFTY_candle_5T_short_0_long_500_entry_14,30_exit_15,00_premium_1st_week_short_sl_3_short_pt_0,1_lots_4_exit_3_4th_Monday.csv",0.30564272852881097,0.39570258411976356,0.6042974158802364,1.8565900714648331,1.3323427109326442,2.671414017094367
0.5562280485167035,"NIFTY_candle_5T_short_0_long_500_entry_14,30_exit_15,00_premium_1st_week_short_sl_2_short_pt_0,1_lots_1_exit_full_Monday.csv","NIFTY_candle_5T_short_0_long_500_entry_14,30_exit_15,00_premium_1st_week_short_sl_3_short_pt_0,2_lots_3_exit_2_3rd_Monday.csv",-0.21968182672778125,0.2788384990848043,0.7211615009151957,1.81217436261186,0.9417699155504636,2.671414017094367
0.653423633521647,"NIFTY_candle_5T_short_0_long_500_entry_14,30_exit_15,00_premium_1st_week_short_sl_2_short_pt_0,1_lots_1_exit_full_Monday.csv","NIFTY_candle_5T_short_0_long_0,5_entry_14,30_exit_15,00_premium_1st_week_short_sl_3_short_pt_0,1_lots_1_exit_full_Monday.csv",0.5172648384993184,0.4427801935850038,0.5572198064149962,1.80574952403428,1.5927632563490923,2.671414017094367
0.6426835658442551,"NIFTY_candle_5T_short_0_long_500_entry_14,30_exit_15,00_premium_1st_week_short_sl_2_short_pt_0,1_lots_1_exit_full_Monday.csv","NIFTY_candle_5T_short_0_long_500_entry_14,30_exit_15,00_premium_1st_week_short_sl_2,5_short_pt_0,2_lots_3_exit_2_3rd_Monday.csv",0.4358325691347711,0.4246647113438208,0.5753352886561792,1.7782877443228438,0.8899572951200458,2.671414017094367
0.5407251954883409,"NIFTY_candle_5T_short_0_long_500_entry_14,30_exit_15,00_premium_1st_week_short_sl_2_short_pt_0,1_lots_1_exit_full_Monday.csv","NIFTY_candle_5T_short_0_long_500_entry_14,30_exit_15,00_premium_1st_week_short_sl_3_short_pt_0,3_lots_4_exit_3_4th_Monday.csv",-0.33722601188986034,0.252689533625848,0.747310466374152,1.7760140212211055,0.94969549308484,2.671414017094367
0.569976576461384,"NIFTY_candle_5T_short_0_long_500_entry_14,30_exit_15,00_premium_1st_week_short_sl_2_short_pt_0,1_lots_1_exit_full_Monday.csv","NIFTY_candle_5T_short_0_long_0,33_entry_14,30_exit_15,00_premium_1st_week_short_sl_3_short_pt_0,2_lots_3_exit_2_3rd_Monday.csv",-0.11543911014658503,0.3020284101082281,0.6979715898917719,1.7316273985797328,0.8268180787073904,2.671414017094367
0.5530891973444583,"NIFTY_candle_5T_short_0_long_500_entry_14,30_exit_15,00_premium_1st_week_short_sl_2_short_pt_0,1_lots_1_exit_full_Monday.csv","NIFTY_candle_5T_short_0_long_0,5_entry_14,30_exit_15,00_premium_1st_week_short_sl_3_short_pt_0,3_lots_1_exit_full_Monday.csv",-0.24348091085194834,0.27354413741255706,0.7264558625874429,1.6960377518280334,1.1034459902308211,2.671414017094367
0.6351428579633048,"NIFTY_candle_5T_short_0_long_500_entry_14,30_exit_15,00_premium_1st_week_short_sl_2_short_pt_0,1_lots_1_exit_full_Monday.csv","NIFTY_candle_5T_short_0_long_0,33_entry_14,30_exit_15,00_premium_1st_week_short_sl_3_short_pt_0,1_lots_4_exit_3_4th_Monday.csv",0.3786581663464615,0.4119456518549446,0.5880543481450554,1.6921602795467774,1.127539522394219,2.671414017094367
0.6869985456149219,"NIFTY_candle_5T_short_0_long_500_entry_14,30_exit_15,00_premium_1st_week_short_sl_2_short_pt_0,1_lots_1_exit_full_Monday.csv","NIFTY_candle_5T_short_0_long_500_entry_14,30_exit_15,00_premium_1st_week_short_sl_2,5_short_pt_0,1_lots_3_exit_2_3rd_Monday.csv",0.7718331864461258,0.4994116545817843,0.5005883454182156,1.675284774135792,0.9805738402884868,2.671414017094367
0.5966024927748537,"NIFTY_candle_5T_short_0_long_500_entry_14,30_exit_15,00_premium_1st_week_short_sl_2_short_pt_0,1_lots_1_exit_full_Monday.csv","NIFTY_candle_5T_short_0_long_500_entry_14,30_exit_15,00_premium_1st_week_short_sl_3_short_pt_0,1_lots_3_exit_2_3rd_Monday.csv",0.08644125545674254,0.346938863991794,0.6530611360082059,1.6740906178755754,1.021990130191064,2.671414017094367
0.6538452249058673,"NIFTY_candle_5T_short_0_long_500_entry_14,30_exit_15,00_premium_1st_week_short_sl_2_short_pt_0,1_lots_1_exit_full_Monday.csv","NIFTY_candle_5T_short_0_long_0,33_entry_14,30_exit_15,00_premium_1st_week_short_sl_2,5_short_pt_0,2_lots_3_exit_2_3rd_Monday.csv",0.5204613866210648,0.4434913000196452,0.5565086999803548,1.6654343759781507,0.7540675373982998,2.671414017094367
0.5500484487648334,"NIFTY_candle_5T_short_0_long_500_entry_14,30_exit_15,00_premium_1st_week_short_sl_2_short_pt_0,1_lots_1_exit_full_Monday.csv","NIFTY_candle_5T_short_0_long_0,33_entry_14,30_exit_15,00_premium_1st_week_short_sl_3_short_pt_0,3_lots_4_exit_3_4th_Monday.csv",-0.26653617128825957,0.26841524730229727,0.7315847526977027,1.6536118391822927,0.7855059027653862,2.671414017094367
0.586589554634435,"NIFTY_candle_5T_short_0_long_500_entry_14,30_exit_15,00_premium_1st_week_short_sl_2_short_pt_0,1_lots_1_exit_full_Monday.csv","NIFTY_candle_5T_short_0_long_0,5_entry_14,30_exit_15,00_premium_1st_week_short_sl_3_short_pt_0,2_lots_4_exit_3_4th_Monday.csv",0.010522155105306904,0.33004984536422544,0.6699501546357746,1.6464930737433072,0.8630966899787141,2.671414017094367
0.6313278841377671,"NIFTY_candle_5T_short_0_long_500_entry_14,30_exit_15,00_premium_1st_week_short_sl_2_short_pt_0,1_lots_1_exit_full_Monday.csv","NIFTY_candle_5T_short_0_long_500_entry_14,30_exit_15,00_premium_1st_week_short_sl_2,5_short_pt_0,3_lots_4_exit_3_4th_Monday.csv",0.3497326525125181,0.4055108608775483,0.5944891391224517,1.6400319945239694,0.9615333798109772,2.671414017094367
0.514971420353667,"NIFTY_candle_5T_short_0_long_500_entry_14,30_exit_15,00_premium_1st_week_short_sl_2_short_pt_0,1_lots_1_exit_full_Monday.csv","NIFTY_candle_5T_short_0_long_500_entry_14,30_exit_15,00_premium_1st_week_short_sl_3_short_pt_0,3_lots_3_exit_2_3rd_Monday.csv",-0.532493715680533,0.20925013732877565,0.7907498626712244,1.574325514028278,0.7241299015846648,2.671414017094367
0.6085476541552935,"NIFTY_candle_5T_short_0_long_500_entry_14,30_exit_15,00_premium_1st_week_short_sl_2_short_pt_0,1_lots_1_exit_full_Monday.csv","NIFTY_candle_5T_short_0_long_0,33_entry_14,30_exit_15,00_premium_1st_week_short_sl_3_short_pt_0,1_lots_3_exit_2_3rd_Monday.csv",0.17701066603714058,0.3670870013551121,0.6329129986448879,1.5683871170100907,0.8766119743687733,2.671414017094367
0.6361549744250162,"NIFTY_candle_5T_short_0_long_500_entry_14,30_exit_15,00_premium_1st_week_short_sl_2_short_pt_0,1_lots_1_exit_full_Monday.csv","NIFTY_candle_5T_short_0_long_500_entry_14,30_exit_15,00_premium_1st_week_short_sl_2_short_pt_0,3_lots_3_exit_2_3rd_Monday.csv",0.3863321347807451,0.41365280848923075,0.5863471915107692,1.5575961747993294,0.6625863531871411,2.671414017094367
0.5136426599333901,"NIFTY_candle_5T_short_0_long_500_entry_14,30_exit_15,00_premium_1st_week_short_sl_2_short_pt_0,1_lots_1_exit_full_Monday.csv","NIFTY_candle_5T_short_0_long_0,33_entry_14,30_exit_15,00_premium_1st_week_short_sl_3_short_pt_0,2_lots_2_exit_Half_Monday.csv",-0.5425685103387375,0.2070088911356083,0.7929911088643917,1.5494714813608348,0.5223917430466835,2.671414017094367
0.4997906270886048,"NIFTY_candle_5T_short_0_long_500_entry_14,30_exit_15,00_premium_1st_week_short_sl_2_short_pt_0,1_lots_1_exit_full_Monday.csv","NIFTY_candle_5T_short_0_long_500_entry_14,30_exit_15,00_premium_1st_week_short_sl_3_short_pt_0,2_lots_2_exit_Half_Monday.csv",-0.6475960114444882,0.18364439637248695,0.816355603627513,1.5398057123176707,0.5837996250305096,2.671414017094367
0.5502112307570677,"NIFTY_candle_5T_short_0_long_500_entry_14,30_exit_15,00_premium_1st_week_short_sl_2_short_pt_0,1_lots_1_exit_full_Monday.csv","NIFTY_candle_5T_short_0_long_500_entry_14,30_exit_15,00_premium_1st_week_short_sl_2,5_short_pt_0,2_lots_2_exit_Half_Monday.csv",-0.26530194191117434,0.2686898148728268,0.7313101851271733,1.5315216762330663,0.5483716714438339,2.671414017094367
0.5620559962707274,"NIFTY_candle_5T_short_0_long_500_entry_14,30_exit_15,00_premium_1st_week_short_sl_2_short_pt_0,1_lots_1_exit_full_Monday.csv","NIFTY_candle_5T_short_0_long_0,5_entry_14,30_exit_15,00_premium_1st_week_short_sl_3_short_pt_0,2_lots_3_exit_2_3rd_Monday.csv",-0.17549374285311478,0.2886686125637728,0.7113313874362273,1.530312083245573,0.6616183414032956,2.671414017094367
0.5860092846724628,"NIFTY_candle_5T_short_0_long_500_entry_14,30_exit_15,00_premium_1st_week_short_sl_2_short_pt_0,1_lots_1_exit_full_Monday.csv","NIFTY_candle_5T_short_0_long_500_entry_14,30_exit_15,00_premium_1st_week_short_sl_2,5_short_pt_0,3_lots_3_exit_2_3rd_Monday.csv",0.006122490106273552,0.32907109266853,0.6709289073314699,1.5297436534553337,0.7053085973726352,2.671414017094367
0.5267370124055619,"NIFTY_candle_5T_short_0_long_500_entry_14,30_exit_15,00_premium_1st_week_short_sl_2_short_pt_0,1_lots_1_exit_full_Monday.csv","NIFTY_candle_5T_short_0_long_0,33_entry_14,30_exit_15,00_premium_1st_week_short_sl_3_short_pt_0,3_lots_3_exit_2_3rd_Monday.csv",-0.4432858177433439,0.22909539159302664,0.7709046084069734,1.5283805719001196,0.6082361718511974,2.671414017094367
0.5624130221715049,"NIFTY_candle_5T_short_0_long_500_entry_14,30_exit_15,00_premium_1st_week_short_sl_2_short_pt_0,1_lots_1_exit_full_Monday.csv","NIFTY_candle_5T_short_0_long_0,33_entry_14,30_exit_15,00_premium_1st_week_short_sl_2,5_short_pt_0,2_lots_2_exit_Half_Monday.csv",-0.1727867366967727,0.2892708151345062,0.7107291848654937,1.5276209614326288,0.4824233915999645,2.671414017094367
0.6836707002078373,"NIFTY_candle_5T_short_0_long_500_entry_14,30_exit_15,00_premium_1st_week_short_sl_2_short_pt_0,1_lots_1_exit_full_Monday.csv","NIFTY_candle_5T_short_0_long_0,5_entry_14,30_exit_15,00_premium_1st_week_short_sl_2,5_short_pt_0,2_lots_4_exit_3_4th_Monday.csv",0.7466011290947798,0.4937985126366598,0.5062014873633403,1.5240842225896252,0.7230310716735343,2.671414017094367
0.6772484974530113,"NIFTY_candle_5T_short_0_long_500_entry_14,30_exit_15,00_premium_1st_week_short_sl_2_short_pt_0,1_lots_1_exit_full_Monday.csv","NIFTY_candle_5T_short_0_long_0,5_entry_14,30_exit_15,00_premium_1st_week_short_sl_2,5_short_pt_0,3_lots_1_exit_full_Monday.csv",0.6979073442552671,0.4829660576234361,0.517033942376564,1.510352533526517,1.1701015176016571,2.671414017094367
0.6396798286930866,"NIFTY_candle_5T_short_0_long_500_entry_14,30_exit_15,00_premium_1st_week_short_sl_2_short_pt_0,1_lots_1_exit_full_Monday.csv","NIFTY_candle_5T_short_0_long_0,33_entry_14,30_exit_15,00_premium_1st_week_short_sl_2,5_short_pt_0,3_lots_4_exit_3_4th_Monday.csv",0.41305793305783606,0.41959824913393007,0.5804017508660699,1.506760245632305,0.7737605293125013,2.671414017094367
0.5306881737780635,"NIFTY_candle_5T_short_0_long_500_entry_14,30_exit_15,00_premium_1st_week_short_sl_2_short_pt_0,1_lots_1_exit_full_Monday.csv","NIFTY_candle_5T_short_0_long_0,5_entry_14,30_exit_15,00_premium_1st_week_short_sl_3_short_pt_0,3_lots_4_exit_3_4th_Monday.csv",-0.4133277162813166,0.23575989276989284,0.7642401072301072,1.50086654050817,0.5776864788013881,2.671414017094367
0.5885207400322635,"NIFTY_candle_5T_short_0_long_500_entry_14,30_exit_15,00_premium_1st_week_short_sl_2_short_pt_0,1_lots_1_exit_full_Monday.csv","NIFTY_candle_5T_short_0_long_0,33_entry_14,30_exit_15,00_premium_1st_week_short_sl_2_short_pt_0,2_lots_2_exit_Half_Monday.csv",0.025164596310765303,0.333307213551247,0.6666927864487531,1.4913518327420676,0.4502987929385866,2.671414017094367
0.6205135435373653,"NIFTY_candle_5T_short_0_long_500_entry_14,30_exit_15,00_premium_1st_week_short_sl_2_short_pt_0,1_lots_1_exit_full_Monday.csv","NIFTY_candle_5T_short_0_long_0,5_entry_14,30_exit_15,00_premium_1st_week_short_sl_3_short_pt_0,1_lots_4_exit_3_4th_Monday.csv",0.26773723840301134,0.3872701010442493,0.6127298989557507,1.4872756447804452,0.8395824078757349,2.671414017094367
0.6426298759514588,"NIFTY_candle_5T_short_0_long_500_entry_14,30_exit_15,00_premium_1st_week_short_sl_2_short_pt_0,1_lots_1_exit_full_Monday.csv","NIFTY_candle_5T_short_0_long_0,5_entry_14,30_exit_15,00_premium_1st_week_short_sl_2,5_short_pt_0,2_lots_3_exit_2_3rd_Monday.csv",0.4354254869874634,0.42457415155139694,0.575425848448603,1.4816977778253495,0.5598518929620488,2.671414017094367
0.6430011152041621,"NIFTY_candle_5T_short_0_long_500_entry_14,30_exit_15,00_premium_1st_week_short_sl_2_short_pt_0,1_lots_1_exit_full_Monday.csv","NIFTY_candle_5T_short_0_long_0,33_entry_14,30_exit_15,00_premium_1st_week_short_sl_2_short_pt_0,3_lots_3_exit_2_3rd_Monday.csv",0.4382402602023909,0.42520032806085545,0.5747996719391446,1.4637881524205032,0.5746064269131794,2.671414017094367
0.580497239479561,"NIFTY_candle_5T_short_0_long_500_entry_14,30_exit_15,00_premium_1st_week_short_sl_2_short_pt_0,1_lots_1_exit_full_Monday.csv","NIFTY_candle_5T_short_0_long_500_entry_14,30_exit_15,00_premium_1st_week_short_sl_2_short_pt_0,2_lots_2_exit_Half_Monday.csv",-0.035670388894181684,0.31977381821887224,0.6802261817811277,1.4595051569205235,0.5070412155983197,2.671414017094367
0.5889677843172032,"NIFTY_candle_5T_short_0_long_500_entry_14,30_exit_15,00_premium_1st_week_short_sl_2_short_pt_0,1_lots_1_exit_full_Monday.csv","NIFTY_candle_5T_short_0_long_500_entry_14,30_exit_15,00_premium_1st_week_short_sl_2,5_short_pt_0,1_lots_2_exit_Half_Monday.csv",0.028554130876336178,0.3340612518914238,0.6659387481085761,1.4421879974354577,0.6055824504646247,2.671414017094367
0.5357176856623909,"NIFTY_candle_5T_short_0_long_500_entry_14,30_exit_15,00_premium_1st_week_short_sl_2_short_pt_0,1_lots_1_exit_full_Monday.csv","NIFTY_candle_5T_short_0_long_500_entry_14,30_exit_15,00_premium_1st_week_short_sl_3_short_pt_0,1_lots_2_exit_Half_Monday.csv",-0.3751934531798952,0.2442432688489974,0.7557567311510026,1.4213604894670442,0.6445697967840548,2.671414017094367
0.5963486756854135,"NIFTY_candle_5T_short_0_long_500_entry_14,30_exit_15,00_premium_1st_week_short_sl_2_short_pt_0,1_lots_1_exit_full_Monday.csv","NIFTY_candle_5T_short_0_long_0,33_entry_14,30_exit_15,00_premium_1st_week_short_sl_2,5_short_pt_0,3_lots_3_exit_2_3rd_Monday.csv",0.0845167888502494,0.3465107457420421,0.6534892542579579,1.4196578637173276,0.5787216843287988,2.671414017094367
0.5991932141026519,"NIFTY_candle_5T_short_0_long_500_entry_14,30_exit_15,00_premium_1st_week_short_sl_2_short_pt_0,1_lots_1_exit_full_Monday.csv","NIFTY_candle_5T_short_0_long_0,33_entry_14,30_exit_15,00_premium_1st_week_short_sl_2,5_short_pt_0,1_lots_2_exit_Half_Monday.csv",0.10608436417363064,0.3513086843332781,0.6486913156667219,1.4080981613451995,0.523282406422828,2.671414017094367
0.6278415669505278,"NIFTY_candle_5T_short_0_long_500_entry_14,30_exit_15,00_premium_1st_week_short_sl_2_short_pt_0,1_lots_1_exit_full_Monday.csv","NIFTY_candle_5T_short_0_long_500_entry_14,30_exit_15,00_premium_1st_week_short_sl_2_short_pt_0,1_lots_2_exit_Half_Monday.csv",0.32329904624399053,0.39963042148092237,0.6003695785190777,1.4070551549306587,0.5541110797656892,2.671414017094367
0.5481538002178179,"NIFTY_candle_5T_short_0_long_500_entry_14,30_exit_15,00_premium_1st_week_short_sl_2_short_pt_0,1_lots_1_exit_full_Monday.csv","NIFTY_candle_5T_short_0_long_0,33_entry_14,30_exit_15,00_premium_1st_week_short_sl_3_short_pt_0,1_lots_2_exit_Half_Monday.csv",-0.28090158642958946,0.2652195065362505,0.7347804934637495,1.402443716939262,0.569115019537373,2.671414017094367
0.5942676891445784,"NIFTY_candle_5T_short_0_long_500_entry_14,30_exit_15,00_premium_1st_week_short_sl_2_short_pt_0,1_lots_1_exit_full_Monday.csv","NIFTY_candle_5T_short_0_long_0,5_entry_14,30_exit_15,00_premium_1st_week_short_sl_3_short_pt_0,1_lots_3_exit_2_3rd_Monday.csv",0.06873854036732799,0.3430007050368057,0.6569992949631943,1.395800621069618,0.6488984298968191,2.671414017094367
0.6335796863015298,"NIFTY_candle_5T_short_0_long_500_entry_14,30_exit_15,00_premium_1st_week_short_sl_2_short_pt_0,1_lots_1_exit_full_Monday.csv","NIFTY_candle_5T_short_0_long_0,33_entry_14,30_exit_15,00_premium_1st_week_short_sl_2_short_pt_0,1_lots_2_exit_Half_Monday.csv",0.3668060421654712,0.409309019635353,0.590690980364647,1.385801343979976,0.48015534452596,2.671414017094367
0.5076284507142121,"NIFTY_candle_5T_short_0_long_500_entry_14,30_exit_15,00_premium_1st_week_short_sl_2_short_pt_0,1_lots_1_exit_full_Monday.csv","NIFTY_candle_5T_short_0_long_0,5_entry_14,30_exit_15,00_premium_1st_week_short_sl_3_short_pt_0,3_lots_3_exit_2_3rd_Monday.csv",-0.588168847306984,0.19686460679984752,0.8031353932001525,1.369402631180065,0.4324404347928771,2.671414017094367
0.6178207941231195,"NIFTY_candle_5T_short_0_long_500_entry_14,30_exit_15,00_premium_1st_week_short_sl_2_short_pt_0,1_lots_1_exit_full_Monday.csv","NIFTY_candle_5T_short_0_long_0,5_entry_14,30_exit_15,00_premium_1st_week_short_sl_2,5_short_pt_0,3_lots_4_exit_3_4th_Monday.csv",0.2473205425107058,0.38272818793355173,0.6172718120664482,1.3622514056691295,0.532193172783696,2.671414017094367
0.5566717773246597,"NIFTY_candle_5T_short_0_long_500_entry_14,30_exit_15,00_premium_1st_week_short_sl_2_short_pt_0,1_lots_1_exit_full_Monday.csv","NIFTY_candle_5T_short_0_long_0,5_entry_14,30_exit_15,00_premium_1st_week_short_sl_2,5_short_pt_0,2_lots_2_exit_Half_Monday.csv",-0.21631743044093477,0.279586945145098,0.7204130548549019,1.356115203772087,0.3548286843104133,2.671414017094367
0.5076104321947557,"NIFTY_candle_5T_short_0_long_500_entry_14,30_exit_15,00_premium_1st_week_short_sl_2_short_pt_0,1_lots_1_exit_full_Monday.csv","NIFTY_candle_5T_short_0_long_0,5_entry_14,30_exit_15,00_premium_1st_week_short_sl_3_short_pt_0,2_lots_2_exit_Half_Monday.csv",-0.5883054655270926,0.19683421461061454,0.8031657853893854,1.351413753528061,0.4140552989130491,2.671414017094367
0.6771492716035408,"NIFTY_candle_5T_short_0_long_500_entry_14,30_exit_15,00_premium_1st_week_short_sl_2_short_pt_0,1_lots_1_exit_full_Monday.csv","NIFTY_candle_5T_short_0_long_0,5_entry_14,30_exit_15,00_premium_1st_week_short_sl_2,5_short_pt_0,1_lots_3_exit_2_3rd_Monday.csv",0.6971550039214144,0.4827986914421471,0.5172013085578528,1.344810594645319,0.558976569864882,2.671414017094367
0.5304513574299995,"NIFTY_candle_5T_short_0_long_500_entry_14,30_exit_15,00_premium_1st_week_short_sl_2_short_pt_0,1_lots_1_exit_full_Monday.csv","NIFTY_candle_5T_short_0_long_0,33_entry_14,30_exit_15,00_premium_1st_week_short_sl_2_short_pt_0,3_lots_2_exit_Half_Monday.csv",-0.41512328156309547,0.23536045000317674,0.7646395499968233,1.3393171919752824,0.3440838391296202,2.671414017094367
0.6856542372061835,"NIFTY_candle_5T_short_0_long_500_entry_14,30_exit_15,00_premium_1st_week_short_sl_2_short_pt_0,1_lots_1_exit_full_Monday.csv","NIFTY_candle_5T_short_0_long_0,5_entry_14,30_exit_15,00_premium_1st_week_short_sl_2_short_pt_0,3_lots_4_exit_3_4th_Monday.csv",0.7616405053813823,0.49714418329234006,0.50285581670766,1.3364046784305903,0.5808729620299675,2.671414017094367
0.5011625920994351,"NIFTY_candle_5T_short_0_long_500_entry_14,30_exit_15,00_premium_1st_week_short_sl_2_short_pt_0,1_lots_1_exit_full_Monday.csv","NIFTY_candle_5T_short_0_long_500_entry_14,30_exit_15,00_premium_1st_week_short_sl_2,5_short_pt_0,3_lots_2_exit_Half_Monday.csv",-0.6371936352512869,0.18595851659367882,0.8140414834063212,1.3156612325346526,0.4137117590988699,2.671414017094367
0.5830953379159689,"NIFTY_candle_5T_short_0_long_500_entry_14,30_exit_15,00_premium_1st_week_short_sl_2_short_pt_0,1_lots_1_exit_full_Monday.csv","NIFTY_candle_5T_short_0_long_0,5_entry_14,30_exit_15,00_premium_1st_week_short_sl_2_short_pt_0,2_lots_2_exit_Half_Monday.csv",-0.01597134620057412,0.3241560816737541,0.6758439183262459,1.313509507893526,0.3331288352205063,2.671414017094367
0.5758079461743875,"NIFTY_candle_5T_short_0_long_500_entry_14,30_exit_15,00_premium_1st_week_short_sl_2_short_pt_0,1_lots_1_exit_full_Monday.csv","NIFTY_candle_5T_short_0_long_0,5_entry_14,30_exit_15,00_premium_1st_week_short_sl_2,5_short_pt_0,3_lots_3_exit_2_3rd_Monday.csv",-0.07122508063603021,0.31186429547234534,0.6881357045276546,1.3072571075291823,0.389846457776671,2.671414017094367
0.5245565308526215,"NIFTY_candle_5T_short_0_long_500_entry_14,30_exit_15,00_premium_1st_week_short_sl_2_short_pt_0,1_lots_1_exit_full_Monday.csv","NIFTY_candle_5T_short_0_long_500_entry_14,30_exit_15,00_premium_1st_week_short_sl_2_short_pt_0,3_lots_2_exit_Half_Monday.csv",-0.4598184473781867,0.22541753070462012,0.7745824692953799,1.3050045213763488,0.4003240414519425,2.671414017094367
0.6206585247053388,"NIFTY_candle_5T_short_0_long_500_entry_14,30_exit_15,00_premium_1st_week_short_sl_2_short_pt_0,1_lots_1_exit_full_Monday.csv","NIFTY_candle_5T_short_0_long_0,5_entry_14,30_exit_15,00_premium_1st_week_short_sl_2_short_pt_0,3_lots_3_exit_2_3rd_Monday.csv",0.26883650014677607,0.3875146436162908,0.6124853563837092,1.2895647684394127,0.4036348135542081,2.671414017094367
0.4602673345959199,"NIFTY_candle_5T_short_0_long_500_entry_14,30_exit_15,00_premium_1st_week_short_sl_2_short_pt_0,1_lots_1_exit_full_Monday.csv","NIFTY_candle_5T_short_0_long_0,33_entry_14,30_exit_15,00_premium_1st_week_short_sl_3_short_pt_0,2_lots_3_exit_1_3rd_Monday.csv",-0.9472655756515246,0.11697968579794578,0.8830203142020542,1.2826200647882489,0.3646707090468591,2.671414017094367
0.46227173111122016,"NIFTY_candle_5T_short_0_long_500_entry_14,30_exit_15,00_premium_1st_week_short_sl_2_short_pt_0,1_lots_1_exit_full_Monday.csv","NIFTY_candle_5T_short_0_long_500_entry_14,30_exit_15,00_premium_1st_week_short_sl_3_short_pt_0,3_lots_2_exit_Half_Monday.csv",-0.9320680404170979,0.12036054060891178,0.8796394593910882,1.2773724581050852,0.4439560278882087,2.671414017094367
0.4494734327711869,"NIFTY_candle_5T_short_0_long_500_entry_14,30_exit_15,00_premium_1st_week_short_sl_2_short_pt_0,1_lots_1_exit_full_Monday.csv","NIFTY_candle_5T_short_0_long_500_entry_14,30_exit_15,00_premium_1st_week_short_sl_3_short_pt_0,2_lots_3_exit_1_3rd_Monday.csv",-1.0291060209157936,0.09877340044737641,0.9012265995526236,1.2761673435215863,0.4023427511005791,2.671414017094367
0.48421107912768835,"NIFTY_candle_5T_short_0_long_500_entry_14,30_exit_15,00_premium_1st_week_short_sl_2_short_pt_0,1_lots_1_exit_full_Monday.csv","NIFTY_candle_5T_short_0_long_0,33_entry_14,30_exit_15,00_premium_1st_week_short_sl_2,5_short_pt_0,2_lots_3_exit_1_3rd_Monday.csv",-0.7657217052705922,0.15736606807053927,0.8426339319294607,1.2755432518299294,0.3476947977986989,2.671414017094367
0.4908090711659113,"NIFTY_candle_5T_short_0_long_500_entry_14,30_exit_15,00_premium_1st_week_short_sl_2_short_pt_0,1_lots_1_exit_full_Monday.csv","NIFTY_candle_5T_short_0_long_0,33_entry_14,30_exit_15,00_premium_1st_week_short_sl_3_short_pt_0,1_lots_3_exit_1_3rd_Monday.csv",-0.7156950684689714,0.16849503030673635,0.8315049696932637,1.2741921080486178,0.401805077702047,2.671414017094367
0.47455809590793596,"NIFTY_candle_5T_short_0_long_500_entry_14,30_exit_15,00_premium_1st_week_short_sl_2_short_pt_0,1_lots_1_exit_full_Monday.csv","NIFTY_candle_5T_short_0_long_500_entry_14,30_exit_15,00_premium_1st_week_short_sl_2,5_short_pt_0,2_lots_3_exit_1_3rd_Monday.csv",-0.8389115913433789,0.1410841924488461,0.8589158075511539,1.271658004532667,0.3872052720051271,2.671414017094367
0.5168981994665715,"NIFTY_candle_5T_short_0_long_500_entry_14,30_exit_15,00_premium_1st_week_short_sl_2_short_pt_0,1_lots_1_exit_full_Monday.csv","NIFTY_candle_5T_short_0_long_0,33_entry_14,30_exit_15,00_premium_1st_week_short_sl_2,5_short_pt_0,1_lots_3_exit_1_3rd_Monday.csv",-0.517884683368912,0.21250007334882298,0.7874999266511771,1.2622608064522094,0.3814720166871384,2.671414017094367
0.5879928277914287,"NIFTY_candle_5T_short_0_long_500_entry_14,30_exit_15,00_premium_1st_week_short_sl_2_short_pt_0,1_lots_1_exit_full_Monday.csv","NIFTY_candle_5T_short_0_long_0,5_entry_14,30_exit_15,00_premium_1st_week_short_sl_2,5_short_pt_0,1_lots_2_exit_Half_Monday.csv",0.021161912800027695,0.3324167736479792,0.6675832263520207,1.2458787566360363,0.3548024230132958,2.671414017094367
0.473759577267477,"NIFTY_candle_5T_short_0_long_500_entry_14,30_exit_15,00_premium_1st_week_short_sl_2_short_pt_0,1_lots_1_exit_full_Monday.csv","NIFTY_candle_5T_short_0_long_0,33_entry_14,30_exit_15,00_premium_1st_week_short_sl_3_short_pt_0,3_lots_2_exit_Half_Monday.csv",-0.8449660396928385,0.13973731543791823,0.8602626845620818,1.238836542542117,0.3766089768231214,2.671414017094367
0.5107130201388314,"NIFTY_candle_5T_short_0_long_500_entry_14,30_exit_15,00_premium_1st_week_short_sl_2_short_pt_0,1_lots_1_exit_full_Monday.csv","NIFTY_candle_5T_short_0_long_0,33_entry_14,30_exit_15,00_premium_1st_week_short_sl_2,5_short_pt_0,3_lots_2_exit_Half_Monday.csv",-0.5647813328327517,0.20206741038655218,0.7979325896134478,1.2372153138071085,0.3543817146796615,2.671414017094367
0.5370298031493564,"NIFTY_candle_5T_short_0_long_500_entry_14,30_exit_15,00_premium_1st_week_short_sl_2_short_pt_0,1_lots_1_exit_full_Monday.csv","NIFTY_candle_5T_short_0_long_0,5_entry_14,30_exit_15,00_premium_1st_week_short_sl_3_short_pt_0,1_lots_2_exit_Half_Monday.csv",-0.36524484690980313,0.24645644308099102,0.753543556919009,1.2246276630777302,0.4120330708810008,2.671414017094367
0.4955540364995545,"NIFTY_candle_5T_short_0_long_500_entry_14,30_exit_15,00_premium_1st_week_short_sl_2_short_pt_0,1_lots_1_exit_full_Monday.csv","NIFTY_candle_5T_short_0_long_0,33_entry_14,30_exit_15,00_premium_1st_week_short_sl_2_short_pt_0,2_lots_3_exit_1_3rd_Monday.csv",-0.6797182658285154,0.17649845615270043,0.8235015438472996,1.213919116259257,0.3329666141079511,2.671414017094367
0.4565368011390172,"NIFTY_candle_5T_short_0_long_500_entry_14,30_exit_15,00_premium_1st_week_short_sl_2_short_pt_0,1_lots_1_exit_full_Monday.csv","NIFTY_candle_5T_short_0_long_0,5_entry_14,30_exit_15,00_premium_1st_week_short_sl_3_short_pt_0,2_lots_3_exit_1_3rd_Monday.csv",-0.9755508541489251,0.11068732204208985,0.8893126779579101,1.2078220634213046,0.2712644049982269,2.671414017094367
0.5124833960876375,"NIFTY_candle_5T_short_0_long_500_entry_14,30_exit_15,00_premium_1st_week_short_sl_2_short_pt_0,1_lots_1_exit_full_Monday.csv","NIFTY_candle_5T_short_0_long_0,5_entry_14,30_exit_15,00_premium_1st_week_short_sl_2_short_pt_0,3_lots_2_exit_Half_Monday.csv",-0.5513581649840825,0.2050535381302652,0.7949464618697348,1.2037797862000053,0.2228423118068151,2.671414017094367
0.4815625705311171,"NIFTY_candle_5T_short_0_long_500_entry_14,30_exit_15,00_premium_1st_week_short_sl_2_short_pt_0,1_lots_1_exit_full_Monday.csv","NIFTY_candle_5T_short_0_long_0,5_entry_14,30_exit_15,00_premium_1st_week_short_sl_2,5_short_pt_0,2_lots_3_exit_1_3rd_Monday.csv",-0.7858029628500306,0.15289877681242145,0.8471012231875785,1.2023655491574037,0.2478870594186009,2.671414017094367
0.6229519786989044,"NIFTY_candle_5T_short_0_long_500_entry_14,30_exit_15,00_premium_1st_week_short_sl_2_short_pt_0,1_lots_1_exit_full_Monday.csv","NIFTY_candle_5T_short_0_long_0,5_entry_14,30_exit_15,00_premium_1st_week_short_sl_2_short_pt_0,1_lots_2_exit_Half_Monday.csv",0.2862256981471173,0.39138305733018813,0.6086169426698118,1.1949569774801845,0.3157243150685707,2.671414017094367
0.48073388074691537,"NIFTY_candle_5T_short_0_long_500_entry_14,30_exit_15,00_premium_1st_week_short_sl_2_short_pt_0,1_lots_1_exit_full_Monday.csv","NIFTY_candle_5T_short_0_long_500_entry_14,30_exit_15,00_premium_1st_week_short_sl_3_short_pt_0,1_lots_3_exit_1_3rd_Monday.csv",-0.7920861718347205,0.15150100954315576,0.8484989904568443,1.1893693199007906,0.4534004414532503,2.671414017094367
0.5081096259270651,"NIFTY_candle_5T_short_0_long_500_entry_14,30_exit_15,00_premium_1st_week_short_sl_2_short_pt_0,1_lots_1_exit_full_Monday.csv","NIFTY_candle_5T_short_0_long_500_entry_14,30_exit_15,00_premium_1st_week_short_sl_2,5_short_pt_0,1_lots_3_exit_1_3rd_Monday.csv",-0.5845205286258023,0.19767621444378108,0.8023237855562189,1.1824560041193313,0.4356283659867294,2.671414017094367
0.494320843404229,"NIFTY_candle_5T_short_0_long_500_entry_14,30_exit_15,00_premium_1st_week_short_sl_2_short_pt_0,1_lots_1_exit_full_Monday.csv","NIFTY_candle_5T_short_0_long_0,5_entry_14,30_exit_15,00_premium_1st_week_short_sl_2,5_short_pt_0,3_lots_2_exit_Half_Monday.csv",-0.6890684594523819,0.1744184052359502,0.8255815947640498,1.1765219607341575,0.2202982695657853,2.671414017094367
0.4887016553180414,"NIFTY_candle_5T_short_0_long_500_entry_14,30_exit_15,00_premium_1st_week_short_sl_2_short_pt_0,1_lots_1_exit_full_Monday.csv","NIFTY_candle_5T_short_0_long_500_entry_14,30_exit_15,00_premium_1st_week_short_sl_2_short_pt_0,2_lots_3_exit_1_3rd_Monday.csv",-0.7316737066062438,0.1649404107723326,0.8350595892276674,1.1752172141895965,0.3687688925858394,2.671414017094367
0.5334225455571713,"NIFTY_candle_5T_short_0_long_500_entry_14,30_exit_15,00_premium_1st_week_short_sl_2_short_pt_0,1_lots_1_exit_full_Monday.csv","NIFTY_candle_5T_short_0_long_0,33_entry_14,30_exit_15,00_premium_1st_week_short_sl_2_short_pt_0,1_lots_3_exit_1_3rd_Monday.csv",-0.39259543544775766,0.24037201113759082,0.7596279888624091,1.1643010312815736,0.3567564692367876,2.671414017094367
0.45732289553566075,"NIFTY_candle_5T_short_0_long_500_entry_14,30_exit_15,00_premium_1st_week_short_sl_2_short_pt_0,1_lots_1_exit_full_Monday.csv","NIFTY_candle_5T_short_0_long_0,5_entry_14,30_exit_15,00_premium_1st_week_short_sl_3_short_pt_0,3_lots_2_exit_Half_Monday.csv",-0.9695906076610756,0.11201324283793983,0.8879867571620602,1.157353354666485,0.2510685052292876,2.671414017094367
0.43655667552087396,"NIFTY_candle_5T_short_0_long_500_entry_14,30_exit_15,00_premium_1st_week_short_sl_2_short_pt_0,1_lots_1_exit_full_Monday.csv","NIFTY_candle_5T_short_0_long_0,33_entry_14,30_exit_15,00_premium_1st_week_short_sl_3_short_pt_0,2_lots_4_exit_1_4th_Monday.csv",-1.1270421687426926,0.07698645332466159,0.9230135466753384,1.1310955742721986,0.3155779286822237,2.671414017094367
0.527473774926379,"NIFTY_candle_5T_short_0_long_500_entry_14,30_exit_15,00_premium_1st_week_short_sl_2_short_pt_0,1_lots_1_exit_full_Monday.csv","NIFTY_candle_5T_short_0_long_500_entry_14,30_exit_15,00_premium_1st_week_short_sl_2_short_pt_0,1_lots_3_exit_1_3rd_Monday.csv",-0.4376996104814311,0.23033810334892432,0.7696618966510756,1.1292309334140989,0.4129965196546588,2.671414017094367
0.4276232047635994,"NIFTY_candle_5T_short_0_long_500_entry_14,30_exit_15,00_premium_1st_week_short_sl_2_short_pt_0,1_lots_1_exit_full_Monday.csv","NIFTY_candle_5T_short_0_long_500_entry_14,30_exit_15,00_premium_1st_week_short_sl_3_short_pt_0,2_lots_4_exit_1_4th_Monday.csv",-1.1947766392244792,0.06191819344803151,0.9380818065519685,1.1272970649303389,0.346890843481809,2.671414017094367
0.45142378505833325,"NIFTY_candle_5T_short_0_long_500_entry_14,30_exit_15,00_premium_1st_week_short_sl_2_short_pt_0,1_lots_1_exit_full_Monday.csv","NIFTY_candle_5T_short_0_long_0,33_entry_14,30_exit_15,00_premium_1st_week_short_sl_2,5_short_pt_0,2_lots_4_exit_1_4th_Monday.csv",-1.014318254434863,0.10206309780153966,0.8979369021984603,1.1207048301763396,0.3060953100781851,2.671414017094367
0.4652339170093078,"NIFTY_candle_5T_short_0_long_500_entry_14,30_exit_15,00_premium_1st_week_short_sl_2_short_pt_0,1_lots_1_exit_full_Monday.csv","NIFTY_candle_5T_short_0_long_0,33_entry_14,30_exit_15,00_premium_1st_week_short_sl_3_short_pt_0,1_lots_4_exit_1_4th_Monday.csv",-0.9096084501047665,0.12535691750743427,0.8746430824925657,1.1197860109035431,0.3510193156582041,2.671414017094367
0.4433962433279059,"NIFTY_candle_5T_short_0_long_500_entry_14,30_exit_15,00_premium_1st_week_short_sl_2_short_pt_0,1_lots_1_exit_full_Monday.csv","NIFTY_candle_5T_short_0_long_500_entry_14,30_exit_15,00_premium_1st_week_short_sl_2,5_short_pt_0,2_lots_4_exit_1_4th_Monday.csv",-1.0751838802542757,0.08852288613564571,0.9114771138643543,1.1188977243369354,0.3380731924150247,2.671414017094367
0.48352344002466346,"NIFTY_candle_5T_short_0_long_500_entry_14,30_exit_15,00_premium_1st_week_short_sl_2_short_pt_0,1_lots_1_exit_full_Monday.csv","NIFTY_candle_5T_short_0_long_0,5_entry_14,30_exit_15,00_premium_1st_week_short_sl_3_short_pt_0,1_lots_3_exit_1_3rd_Monday.csv",-0.770935453856273,0.15620621374434981,0.8437937862556502,1.1069114408825853,0.2755308304593761,2.671414017094367
0.48225735171570844,"NIFTY_candle_5T_short_0_long_500_entry_14,30_exit_15,00_premium_1st_week_short_sl_2_short_pt_0,1_lots_1_exit_full_Monday.csv","NIFTY_candle_5T_short_0_long_0,33_entry_14,30_exit_15,00_premium_1st_week_short_sl_2,5_short_pt_0,1_lots_4_exit_1_4th_Monday.csv",-0.7805350622862235,0.15407067782729741,0.8459293221727026,1.1015059696062646,0.3368081691013698,2.671414017094367
0.4924590228885239,"NIFTY_candle_5T_short_0_long_500_entry_14,30_exit_15,00_premium_1st_week_short_sl_2_short_pt_0,1_lots_1_exit_full_Monday.csv","NIFTY_candle_5T_short_0_long_0,5_entry_14,30_exit_15,00_premium_1st_week_short_sl_2_short_pt_0,2_lots_3_exit_1_3rd_Monday.csv",-0.7031849691707039,0.17127803615247378,0.8287219638475263,1.1002654087124937,0.2292134436154517,2.671414017094367
0.4496731667286871,"NIFTY_candle_5T_short_0_long_500_entry_14,30_exit_15,00_premium_1st_week_short_sl_2_short_pt_0,1_lots_1_exit_full_Monday.csv","NIFTY_candle_5T_short_0_long_0,5_entry_14,30_exit_15,00_premium_1st_week_short_sl_2,5_short_pt_0,2_lots_4_exit_1_4th_Monday.csv",-1.0275916180352007,0.09911029562054864,0.9008897043794514,1.0905793005296305,0.212762550595844,2.671414017094367
0.5105853254212299,"NIFTY_candle_5T_short_0_long_500_entry_14,30_exit_15,00_premium_1st_week_short_sl_2_short_pt_0,1_lots_1_exit_full_Monday.csv","NIFTY_candle_5T_short_0_long_0,5_entry_14,30_exit_15,00_premium_1st_week_short_sl_2,5_short_pt_0,1_lots_3_exit_1_3rd_Monday.csv",-0.565749526977565,0.2018520252084987,0.7981479747915012,1.0894461514655942,0.248547367813168,2.671414017094367
0.433824134137598,"NIFTY_candle_5T_short_0_long_500_entry_14,30_exit_15,00_premium_1st_week_short_sl_2_short_pt_0,1_lots_1_exit_full_Monday.csv","NIFTY_candle_5T_short_0_long_0,5_entry_14,30_exit_15,00_premium_1st_week_short_sl_3_short_pt_0,2_lots_4_exit_1_4th_Monday.csv",-1.1477605713316357,0.07237742232141803,0.927622577678582,1.0882050762667044,0.225731660415837,2.671414017094367
0.4586471569488461,"NIFTY_candle_5T_short_0_long_500_entry_14,30_exit_15,00_premium_1st_week_short_sl_2_short_pt_0,1_lots_1_exit_full_Monday.csv","NIFTY_candle_5T_short_0_long_0,33_entry_14,30_exit_15,00_premium_1st_week_short_sl_2_short_pt_0,2_lots_4_exit_1_4th_Monday.csv",-0.9595499249254735,0.11424690046783932,0.8857530995321606,1.0558498382786266,0.2920126887537309,2.671414017094367
0.4566873707175155,"NIFTY_candle_5T_short_0_long_500_entry_14,30_exit_15,00_premium_1st_week_short_sl_2_short_pt_0,1_lots_1_exit_full_Monday.csv","NIFTY_candle_5T_short_0_long_500_entry_14,30_exit_15,00_premium_1st_week_short_sl_3_short_pt_0,1_lots_4_exit_1_4th_Monday.csv",-0.9744092205165606,0.11094129069548021,0.8890587093045198,1.0519765331672286,0.3958457080956611,2.671414017094367
0.4746347825540094,"NIFTY_candle_5T_short_0_long_500_entry_14,30_exit_15,00_premium_1st_week_short_sl_2_short_pt_0,1_lots_1_exit_full_Monday.csv","NIFTY_candle_5T_short_0_long_500_entry_14,30_exit_15,00_premium_1st_week_short_sl_2,5_short_pt_0,1_lots_4_exit_1_4th_Monday.csv",-0.8383301455082783,0.14121354131486896,0.858786458685131,1.0445692510344848,0.3819752300990164,2.671414017094367
0.43369171018596037,"NIFTY_candle_5T_short_0_long_500_entry_14,30_exit_15,00_premium_1st_week_short_sl_2_short_pt_0,1_lots_1_exit_full_Monday.csv","NIFTY_candle_5T_short_0_long_500_entry_14,30_exit_15,00_premium_1st_week_short_sl_2,5_short_pt_0,3_lots_3_exit_1_3rd_Monday.csv",-1.148764623002816,0.07215406025180568,0.9278459397481943,1.0435297348177208,0.285666273982264,2.671414017094367
0.4526265686382005,"NIFTY_candle_5T_short_0_long_500_entry_14,30_exit_15,00_premium_1st_week_short_sl_2_short_pt_0,1_lots_1_exit_full_Monday.csv","NIFTY_candle_5T_short_0_long_500_entry_14,30_exit_15,00_premium_1st_week_short_sl_2_short_pt_0,2_lots_4_exit_1_4th_Monday.csv",-1.00519862880446,0.10409185639371671,0.8959081436062832,1.0385625346444127,0.3248647154549704,2.671414017094367
0.49353020207330056,"NIFTY_candle_5T_short_0_long_500_entry_14,30_exit_15,00_premium_1st_week_short_sl_2_short_pt_0,1_lots_1_exit_full_Monday.csv","NIFTY_candle_5T_short_0_long_0,33_entry_14,30_exit_15,00_premium_1st_week_short_sl_2_short_pt_0,1_lots_4_exit_1_4th_Monday.csv",-0.6950631812516158,0.173084815037098,0.826915184962902,1.0382081879425409,0.3142953064418752,2.671414017094367
0.41616544103530323,"NIFTY_candle_5T_short_0_long_500_entry_14,30_exit_15,00_premium_1st_week_short_sl_2_short_pt_0,1_lots_1_exit_full_Monday.csv","NIFTY_candle_5T_short_0_long_500_entry_14,30_exit_15,00_premium_1st_week_short_sl_3_short_pt_0,3_lots_3_exit_1_3rd_Monday.csv",-1.2816505519654582,0.04259215923871783,0.9574078407612822,1.03797241851492,0.2919454044613996,2.671414017094367
0.4401839069137553,"NIFTY_candle_5T_short_0_long_500_entry_14,30_exit_15,00_premium_1st_week_short_sl_2_short_pt_0,1_lots_1_exit_full_Monday.csv","NIFTY_candle_5T_short_0_long_0,33_entry_14,30_exit_15,00_premium_1st_week_short_sl_2,5_short_pt_0,3_lots_3_exit_1_3rd_Monday.csv",-1.0995401368463364,0.08310457546840957,0.9168954245315905,1.0129615838565942,0.2452126700648507,2.671414017094367
0.45632093214748864,"NIFTY_candle_5T_short_0_long_500_entry_14,30_exit_15,00_premium_1st_week_short_sl_2_short_pt_0,1_lots_1_exit_full_Monday.csv","NIFTY_candle_5T_short_0_long_0,5_entry_14,30_exit_15,00_premium_1st_week_short_sl_2_short_pt_0,2_lots_4_exit_1_4th_Monday.csv",-0.9771875944743709,0.11032321159139977,0.8896767884086002,1.002171774513557,0.1938652577754221,2.671414017094367
0.4596721035027041,"NIFTY_candle_5T_short_0_long_500_entry_14,30_exit_15,00_premium_1st_week_short_sl_2_short_pt_0,1_lots_1_exit_full_Monday.csv","NIFTY_candle_5T_short_0_long_0,5_entry_14,30_exit_15,00_premium_1st_week_short_sl_3_short_pt_0,1_lots_4_exit_1_4th_Monday.csv",-0.9517786774468638,0.11597569786952248,0.8840243021304776,0.9983364251732526,0.2303406949500983,2.671414017094367
0.47767931638138766,"NIFTY_candle_5T_short_0_long_500_entry_14,30_exit_15,00_premium_1st_week_short_sl_2_short_pt_0,1_lots_1_exit_full_Monday.csv","NIFTY_candle_5T_short_0_long_0,5_entry_14,30_exit_15,00_premium_1st_week_short_sl_2,5_short_pt_0,1_lots_4_exit_1_4th_Monday.csv",-0.8152461849441912,0.1463488160765588,0.8536511839234412,0.9953757831560646,0.2129135445789723,2.671414017094367
0.42435192191601045,"NIFTY_candle_5T_short_0_long_500_entry_14,30_exit_15,00_premium_1st_week_short_sl_2_short_pt_0,1_lots_1_exit_full_Monday.csv","NIFTY_candle_5T_short_0_long_0,33_entry_14,30_exit_15,00_premium_1st_week_short_sl_3_short_pt_0,3_lots_3_exit_1_3rd_Monday.csv",-1.2195798335817398,0.056400456678445864,0.9435995433215542,0.990014670714038,0.2515470979463081,2.671414017094367
0.5273223273501578,"NIFTY_candle_5T_short_0_long_500_entry_14,30_exit_15,00_premium_1st_week_short_sl_2_short_pt_0,1_lots_1_exit_full_Monday.csv","NIFTY_candle_5T_short_0_long_0,5_entry_14,30_exit_15,00_premium_1st_week_short_sl_2_short_pt_0,1_lots_3_exit_1_3rd_Monday.csv",-0.4388479011805124,0.23008265375959996,0.7699173462404001,0.9822873461283448,0.2166535708905041,2.671414017094367
0.4111652804589449,"NIFTY_candle_5T_short_0_long_500_entry_14,30_exit_15,00_premium_1st_week_short_sl_2_short_pt_0,1_lots_1_exit_full_Monday.csv","NIFTY_candle_5T_short_0_long_0,5_entry_14,30_exit_15,00_premium_1st_week_short_sl_3_short_pt_0,3_lots_3_exit_1_3rd_Monday.csv",-1.3195622705086396,0.03415829058491441,0.9658417094150856,0.9816251402062346,0.1495220374501299,2.671414017094367
0.44805971022987345,"NIFTY_candle_5T_short_0_long_500_entry_14,30_exit_15,00_premium_1st_week_short_sl_2_short_pt_0,1_lots_1_exit_full_Monday.csv","NIFTY_candle_5T_short_0_long_0,33_entry_14,30_exit_15,00_premium_1st_week_short_sl_2_short_pt_0,3_lots_3_exit_1_3rd_Monday.csv",-1.0398250068895325,0.09638884698268695,0.9036111530173131,0.9808429529031608,0.2427449456306379,2.671414017094367
0.4275869267062584,"NIFTY_candle_5T_short_0_long_500_entry_14,30_exit_15,00_premium_1st_week_short_sl_2_short_pt_0,1_lots_1_exit_full_Monday.csv","NIFTY_candle_5T_short_0_long_0,5_entry_14,30_exit_15,00_premium_1st_week_short_sl_2,5_short_pt_0,3_lots_3_exit_1_3rd_Monday.csv",-1.1950517030905692,0.061857002539068416,0.9381429974609315,0.9754309682329132,0.1391815988092745,2.671414017094367
0.44402218778327024,"NIFTY_candle_5T_short_0_long_500_entry_14,30_exit_15,00_premium_1st_week_short_sl_2_short_pt_0,1_lots_1_exit_full_Monday.csv","NIFTY_candle_5T_short_0_long_500_entry_14,30_exit_15,00_premium_1st_week_short_sl_2_short_pt_0,3_lots_3_exit_1_3rd_Monday.csv",-1.0704379066694192,0.08957867889279836,0.9104213211072016,0.9747546857699548,0.2821485495315973,2.671414017094367
0.48790358736861916,"NIFTY_candle_5T_short_0_long_500_entry_14,30_exit_15,00_premium_1st_week_short_sl_2_short_pt_0,1_lots_1_exit_full_Monday.csv","NIFTY_candle_5T_short_0_long_500_entry_14,30_exit_15,00_premium_1st_week_short_sl_2_short_pt_0,1_lots_4_exit_1_4th_Monday.csv",-0.7377247377710999,0.16359429395079256,0.8364057060492074,0.9705262071073304,0.3651141390327709,2.671414017094367
0.43417943359339634,"NIFTY_candle_5T_short_0_long_500_entry_14,30_exit_15,00_premium_1st_week_short_sl_2_short_pt_0,1_lots_1_exit_full_Monday.csv","NIFTY_candle_5T_short_0_long_0,5_entry_14,30_exit_15,00_premium_1st_week_short_sl_2_short_pt_0,3_lots_3_exit_1_3rd_Monday.csv",-1.145066655254128,0.07297671286363365,0.9270232871363664,0.951448784568072,0.1351675105131149,2.671414017094367
0.4062790617321436,"NIFTY_candle_5T_short_0_long_500_entry_14,30_exit_15,00_premium_1st_week_short_sl_2_short_pt_0,1_lots_1_exit_full_Monday.csv","NIFTY_candle_5T_short_0_long_500_entry_14,30_exit_15,00_premium_1st_week_short_sl_2,5_short_pt_0,3_lots_4_exit_1_4th_Monday.csv",-1.3566100705306596,0.02591660987761003,0.97408339012239,0.8847166721637448,0.2467498962374747,2.671414017094367
0.48904548007835225,"NIFTY_candle_5T_short_0_long_500_entry_14,30_exit_15,00_premium_1st_week_short_sl_2_short_pt_0,1_lots_1_exit_full_Monday.csv","NIFTY_candle_5T_short_0_long_0,5_entry_14,30_exit_15,00_premium_1st_week_short_sl_2_short_pt_0,1_lots_4_exit_1_4th_Monday.csv",-0.7290667928197718,0.1655203467212095,0.8344796532787905,0.8793200567532156,0.1825973122804197,2.671414017094367
0.39635532007142177,"NIFTY_candle_5T_short_0_long_500_entry_14,30_exit_15,00_premium_1st_week_short_sl_2_short_pt_0,1_lots_1_exit_full_Monday.csv","NIFTY_candle_5T_short_0_long_500_entry_14,30_exit_15,00_premium_1st_week_short_sl_3_short_pt_0,3_lots_4_exit_1_4th_Monday.csv",-1.431852874234884,0.009178040697145529,0.9908219593028544,0.8791281035462344,0.2478769574011597,2.671414017094367
0.4001029421453702,"NIFTY_candle_5T_short_0_long_500_entry_14,30_exit_15,00_premium_1st_week_short_sl_2_short_pt_0,1_lots_1_exit_full_Monday.csv","NIFTY_candle_5T_short_0_long_0,5_entry_14,30_exit_15,00_premium_1st_week_short_sl_2,5_short_pt_0,3_lots_4_exit_1_4th_Monday.csv",-1.4034380281306367,0.015499228157648046,0.984500771842352,0.8731325056098701,0.1131576659047045,2.671414017094367
0.41116802832898214,"NIFTY_candle_5T_short_0_long_500_entry_14,30_exit_15,00_premium_1st_week_short_sl_2_short_pt_0,1_lots_1_exit_full_Monday.csv","NIFTY_candle_5T_short_0_long_0,33_entry_14,30_exit_15,00_premium_1st_week_short_sl_2,5_short_pt_0,3_lots_4_exit_1_4th_Monday.csv",-1.3195414358826603,0.03416292547105815,0.9658370745289419,0.8565681515003516,0.2130737809711904,2.671414017094367
0.3909139646097875,"NIFTY_candle_5T_short_0_long_500_entry_14,30_exit_15,00_premium_1st_week_short_sl_2_short_pt_0,1_lots_1_exit_full_Monday.csv","NIFTY_candle_5T_short_0_long_0,5_entry_14,30_exit_15,00_premium_1st_week_short_sl_3_short_pt_0,3_lots_4_exit_1_4th_Monday.csv",-1.4731097766092325,0.0,1.0,0.8518931746056233,0.1156726510235761,2.671414017094367
0.4026391757396679,"NIFTY_candle_5T_short_0_long_500_entry_14,30_exit_15,00_premium_1st_week_short_sl_2_short_pt_0,1_lots_1_exit_full_Monday.csv","NIFTY_candle_5T_short_0_long_0,33_entry_14,30_exit_15,00_premium_1st_week_short_sl_3_short_pt_0,3_lots_4_exit_1_4th_Monday.csv",-1.3842080508692254,0.019777142973185693,0.9802228570268143,0.8464506111712308,0.2139375276012236,2.671414017094367
0.4158935120395627,"NIFTY_candle_5T_short_0_long_500_entry_14,30_exit_15,00_premium_1st_week_short_sl_2_short_pt_0,1_lots_1_exit_full_Monday.csv","NIFTY_candle_5T_short_0_long_0,33_entry_14,30_exit_15,00_premium_1st_week_short_sl_2_short_pt_0,3_lots_4_exit_1_4th_Monday.csv",-1.2837123448604681,0.04213349128231662,0.9578665087176834,0.8150216896760942,0.208558478156281,2.671414017094367
0.4036993129752439,"NIFTY_candle_5T_short_0_long_500_entry_14,30_exit_15,00_premium_1st_week_short_sl_2_short_pt_0,1_lots_1_exit_full_Monday.csv","NIFTY_candle_5T_short_0_long_0,5_entry_14,30_exit_15,00_premium_1st_week_short_sl_2_short_pt_0,3_lots_4_exit_1_4th_Monday.csv",-1.376169984115462,0.021565297186098238,0.9784347028139018,0.8149428257497711,0.1053718014710202,2.671414017094367
0.412740807691972,"NIFTY_candle_5T_short_0_long_500_entry_14,30_exit_15,00_premium_1st_week_short_sl_2_short_pt_0,1_lots_1_exit_full_Monday.csv","NIFTY_candle_5T_short_0_long_500_entry_14,30_exit_15,00_premium_1st_week_short_sl_2_short_pt_0,3_lots_4_exit_1_4th_Monday.csv",-1.3076164651482955,0.03681576318822806,0.9631842368117719,0.8127699689733336,0.2428071811225371,2.671414017094367
